book_id,genre
1,fiction
1,fantasy
1,romance
1,thriller
1,ebooks
1,suspense
1,contemporary
2,fantasy
2,fiction
2,classics
2,paranormal
2,mystery
2,contemporary
3,fantasy
3,fiction
3,paranormal
3,contemporary
3,horror
5,classics
5,fiction
5,romance
5,ebooks
6,fiction
6,romance
6,contemporary
6,ebooks
10,classics
10,fiction
10,romance
10,ebooks
10,history
11,fiction
11,contemporary
11,classics
11,history
11,ebooks
13,fiction
13,fantasy
13,philosophy
13,ebooks
13,horror
21,fantasy
21,fiction
21,paranormal
21,mystery
21,romance
24,fantasy
24,fiction
24,classics
24,paranormal
24,mystery
24,contemporary
25,fantasy
25,fiction
25,classics
25,paranormal
25,mystery
25,romance
25,contemporary
26,fiction
26,thriller
26,suspense
26,contemporary
26,religion
26,fantasy
26,history
26,art
26,classics
26,ebooks
26,mystery
26,romance
27,fantasy
27,fiction
27,classics
27,paranormal
27,mystery
27,romance
27,contemporary
28,classics
28,fiction
28,horror
28,fantasy
28,psychology
28,thriller
28,philosophy
28,contemporary
29,classics
29,fiction
29,romance
29,poetry
29,ebooks
30,mystery
30,crime
30,fiction
30,contemporary
30,thriller
30,suspense
30,romance
33,fiction
33,romance
33,classics
33,contemporary
33,history
33,memoir
33,biography
34,romance
34,fiction
34,contemporary
36,fiction
36,classics
36,fantasy
36,ebooks
36,philosophy
36,contemporary
50,poetry
50,classics
50,fiction
50,fantasy
50,nonfiction
67,fiction
67,contemporary
67,classics
67,history
67,romance
67,ebooks
67,religion
93,classics
93,fiction
93,fantasy
93,ebooks
93,mystery
98,fiction
98,mystery
98,crime
98,suspense
98,thriller
98,contemporary
98,ebooks
105,fiction
105,fantasy
105,romance
105,ebooks
106,memoir
106,nonfiction
106,biography
106,contemporary
106,ebooks
106,fiction
112,romance
112,fiction
112,ebooks
112,contemporary
117,fantasy
117,fiction
117,classics
117,science
119,fiction
119,classics
119,fantasy
119,contemporary
119,religion
119,ebooks
119,horror
122,fantasy
122,classics
122,contemporary
122,romance
122,fiction
122,paranormal
249,fiction
249,contemporary
249,mystery
249,ebooks
249,classics
250,fiction
250,contemporary
250,ebooks
264,classics
264,fiction
264,travel
264,romance
264,history
275,contemporary
275,fiction
275,romance
275,ebooks
291,fiction
291,contemporary
291,ebooks
291,history
295,fiction
295,fantasy
295,horror
295,thriller
295,mystery
295,history
295,suspense
295,romance
295,ebooks
295,contemporary
295,crime
295,paranormal
304,fiction
304,contemporary
304,psychology
304,ebooks
304,classics
320,fiction
320,contemporary
320,mystery
320,ebooks
320,travel
343,fiction
343,thriller
343,mystery
343,suspense
343,crime
343,contemporary
343,ebooks
348,mystery
348,fiction
348,romance
348,suspense
348,ebooks
348,thriller
350,fiction
350,classics
350,nonfiction
350,memoir
350,biography
350,contemporary
350,travel
350,history
350,ebooks
355,fantasy
355,romance
355,fiction
355,paranormal
355,ebooks
355,mystery
357,classics
357,fiction
357,history
359,contemporary
359,fiction
359,history
360,fantasy
360,science
360,ebooks
360,fiction
360,philosophy
360,crime
360,mystery
360,thriller
360,classics
365,comics
365,fiction
365,classics
365,fantasy
365,thriller
365,mystery
365,crime
365,philosophy
365,contemporary
365,manga
378,fiction
378,classics
378,ebooks
386,fiction
386,classics
386,fantasy
386,history
400,fiction
400,classics
400,thriller
400,fantasy
400,business
400,crime
415,fantasy
415,paranormal
415,romance
415,fiction
415,ebooks
415,mystery
415,contemporary
424,fiction
424,mystery
424,classics
424,history
424,crime
424,religion
424,thriller
424,philosophy
424,contemporary
424,suspense
424,ebooks
424,fantasy
428,fantasy
428,fiction
428,romance
428,paranormal
428,ebooks
428,contemporary
431,horror
431,fiction
431,thriller
431,mystery
431,crime
431,suspense
431,classics
431,ebooks
431,contemporary
431,psychology
446,classics
446,mystery
446,fiction
446,crime
446,thriller
446,ebooks
446,suspense
447,fantasy
447,fiction
447,romance
447,ebooks
447,paranormal
449,romance
449,fiction
449,fantasy
449,paranormal
449,ebooks
449,horror
449,contemporary
475,romance
475,contemporary
475,fiction
475,music
475,ebooks
597,classics
597,fiction
597,fantasy
597,ebooks
597,history
599,fiction
599,fantasy
599,classics
599,ebooks
599,science
599,contemporary
621,fiction
621,classics
621,contemporary
621,religion
629,psychology
629,romance
629,classics
629,fiction
629,ebooks
629,mystery
647,romance
647,fiction
647,contemporary
647,ebooks
656,romance
656,mystery
656,contemporary
656,fiction
656,thriller
656,ebooks
656,fantasy
656,crime
656,suspense
662,fiction
662,contemporary
662,classics
662,ebooks
665,horror
665,fiction
665,ebooks
665,fantasy
665,thriller
667,romance
667,contemporary
667,fiction
667,ebooks
668,fiction
668,contemporary
668,thriller
668,suspense
676,romance
676,contemporary
676,suspense
676,fiction
698,fiction
698,contemporary
698,romance
698,ebooks
698,psychology
698,sports
703,horror
703,fiction
703,thriller
703,mystery
703,fantasy
703,paranormal
703,suspense
703,romance
703,ebooks
703,contemporary
703,crime
706,classics
706,fiction
706,travel
706,fantasy
706,ebooks
706,history
706,romance
760,fiction
760,fantasy
760,science
760,ebooks
760,classics
760,contemporary
771,history
771,nonfiction
771,biography
771,ebooks
771,fiction
771,memoir
816,fiction
816,history
816,contemporary
816,ebooks
816,biography
816,religion
822,fiction
822,mystery
822,contemporary
822,philosophy
822,ebooks
823,mystery
823,fiction
823,crime
823,thriller
823,suspense
823,ebooks
823,contemporary
827,ebooks
830,contemporary
830,romance
830,fiction
830,ebooks
840,fiction
840,classics
840,history
840,romance
840,fantasy
840,thriller
840,ebooks
840,contemporary
865,horror
865,fiction
865,thriller
865,fantasy
865,mystery
865,suspense
865,paranormal
865,ebooks
865,contemporary
870,history
870,biography
870,nonfiction
870,business
870,ebooks
880,paranormal
880,romance
880,fiction
880,horror
880,mystery
880,ebooks
880,contemporary
880,thriller
890,fiction
890,classics
890,science
890,fantasy
890,ebooks
890,mystery
900,nonfiction
900,philosophy
900,psychology
900,science
900,religion
900,history
900,ebooks
900,classics
902,mystery
902,crime
902,fiction
902,thriller
902,suspense
902,ebooks
902,contemporary
903,fiction
903,philosophy
903,classics
903,fantasy
903,ebooks
903,romance
903,contemporary
930,contemporary
930,fiction
930,ebooks
952,fiction
952,romance
952,contemporary
952,ebooks
960,fantasy
960,fiction
960,ebooks
968,biography
968,history
968,nonfiction
968,fiction
968,memoir
968,classics
976,fiction
976,classics
976,poetry
976,fantasy
976,music
976,mystery
998,fiction
998,classics
998,fantasy
1005,fiction
1005,contemporary
1005,classics
1005,religion
1032,fantasy
1032,fiction
1032,ebooks
1067,mystery
1067,fiction
1067,romance
1067,crime
1067,contemporary
1067,suspense
1067,thriller
1067,ebooks
1078,business
1078,nonfiction
1078,ebooks
1078,psychology
1097,religion
1097,nonfiction
1097,christian
1097,memoir
1097,biography
1097,spirituality
1097,fiction
1097,ebooks
1103,fiction
1103,romance
1103,contemporary
1103,mystery
1103,ebooks
1110,romance
1110,contemporary
1110,music
1110,fiction
1110,ebooks
1171,fiction
1171,art
1171,romance
1171,history
1171,religion
1171,contemporary
1171,mystery
1191,fiction
1191,fantasy
1191,classics
1191,science
1191,ebooks
1192,history
1192,romance
1192,fiction
1192,contemporary
1192,ebooks
1202,fiction
1202,contemporary
1202,romance
1202,classics
1202,travel
1202,ebooks
1232,mystery
1232,fiction
1232,romance
1232,crime
1232,contemporary
1232,suspense
1232,thriller
1232,ebooks
1241,history
1241,biography
1241,crime
1241,fiction
1241,nonfiction
1241,ebooks
1274,classics
1274,poetry
1274,fiction
1274,fantasy
1274,art
1274,ebooks
1295,romance
1295,contemporary
1295,ebooks
1295,fiction
1301,thriller
1301,mystery
1301,fiction
1301,suspense
1301,crime
1301,ebooks
1301,contemporary
1301,horror
1303,psychology
1303,spirituality
1303,nonfiction
1303,philosophy
1303,religion
1303,classics
1303,christian
1303,business
1303,science
1305,mystery
1305,fiction
1305,classics
1307,memoir
1307,nonfiction
1307,biography
1307,contemporary
1307,ebooks
1307,fiction
1319,fiction
1319,classics
1319,contemporary
1319,romance
1319,ebooks
1319,crime
1319,thriller
1362,fantasy
1362,fiction
1362,ebooks
1362,romance
1371,psychology
1371,nonfiction
1371,business
1371,science
1371,philosophy
1371,ebooks
1375,contemporary
1375,fiction
1375,ebooks
1375,romance
1381,fantasy
1381,fiction
1381,mystery
1381,crime
1381,contemporary
1381,paranormal
1381,romance
1381,ebooks
1420,history
1420,nonfiction
1420,classics
1420,biography
1420,ebooks
1426,fiction
1426,contemporary
1426,religion
1426,romance
1426,ebooks
1426,mystery
1426,spirituality
1427,horror
1427,fiction
1427,thriller
1427,paranormal
1427,fantasy
1427,mystery
1427,suspense
1427,ebooks
1427,contemporary
1427,music
1427,crime
1428,fiction
1428,comics
1428,contemporary
1430,fiction
1430,romance
1430,contemporary
1430,ebooks
1431,fantasy
1431,fiction
1431,classics
1431,ebooks
1519,fiction
1519,fantasy
1519,science
1519,ebooks
1524,memoir
1524,nonfiction
1524,biography
1524,history
1524,contemporary
1524,fiction
1524,psychology
1524,ebooks
1554,fantasy
1554,fiction
1554,paranormal
1554,mystery
1554,ebooks
1591,fantasy
1591,fiction
1591,classics
1591,ebooks
1617,thriller
1617,fiction
1617,mystery
1617,crime
1617,suspense
1617,ebooks
1618,christian
1618,fiction
1618,romance
1618,religion
1618,history
1618,ebooks
1618,spirituality
1622,classics
1622,fantasy
1622,fiction
1622,history
1622,ebooks
1622,travel
1622,science
1624,philosophy
1624,fiction
1624,classics
1624,psychology
1625,christian
1625,religion
1625,nonfiction
1625,spirituality
1625,philosophy
1625,psychology
1625,fiction
1627,mystery
1627,fiction
1627,romance
1627,crime
1627,contemporary
1627,suspense
1627,thriller
1627,ebooks
1633,horror
1633,fantasy
1633,fiction
1633,paranormal
1633,ebooks
1633,religion
1633,contemporary
1633,thriller
1633,romance
1633,science
1715,horror
1715,fiction
1715,fantasy
1715,paranormal
1715,thriller
1715,mystery
1715,contemporary
1715,crime
1715,ebooks
1715,romance
1715,suspense
1823,classics
1823,fiction
1823,fantasy
1824,mystery
1824,contemporary
1824,fiction
1824,romance
1824,thriller
1824,ebooks
1824,suspense
1824,crime
1842,contemporary
1842,fiction
1842,mystery
1842,crime
1842,suspense
1842,ebooks
1842,romance
1848,fantasy
1848,romance
1848,paranormal
1848,fiction
1848,mystery
1848,ebooks
1848,horror
1849,romance
1849,contemporary
1849,fiction
1849,travel
1849,ebooks
1852,poetry
1852,fiction
1852,contemporary
1852,romance
1869,fantasy
1869,fiction
1869,romance
1875,fantasy
1875,fiction
1885,classics
1885,fiction
1885,romance
1885,poetry
1885,ebooks
1897,biography
1897,memoir
1897,nonfiction
1897,psychology
1897,fiction
1897,contemporary
1897,crime
1898,fiction
1898,ebooks
1898,thriller
1898,fantasy
1898,mystery
1898,suspense
1911,mystery
1911,fiction
1911,crime
1911,thriller
1911,suspense
1911,contemporary
1911,ebooks
1934,mystery
1934,thriller
1934,fiction
1934,crime
1934,ebooks
1934,contemporary
1934,romance
1934,suspense
1953,classics
1953,fiction
1953,history
1953,ebooks
1953,romance
1953,mystery
1953,thriller
1990,fiction
1990,romance
1990,mystery
1990,contemporary
1990,ebooks
1990,travel
2049,fiction
2049,classics
2049,contemporary
2050,paranormal
2050,romance
2050,fantasy
2050,fiction
2050,horror
2050,mystery
2050,contemporary
2052,classics
2052,fiction
2052,poetry
2052,philosophy
2052,history
2052,fantasy
2052,ebooks
2054,fiction
2054,romance
2054,contemporary
2054,ebooks
2054,travel
2067,fiction
2067,mystery
2067,art
2067,history
2067,contemporary
2067,ebooks
2068,poetry
2068,fiction
2068,classics
2068,history
2094,mystery
2094,fiction
2094,romance
2094,crime
2094,contemporary
2094,ebooks
2094,suspense
2094,thriller
2095,fiction
2095,classics
2095,poetry
2095,fantasy
2122,fiction
2122,contemporary
2122,psychology
2137,fiction
2137,contemporary
2137,religion
2137,ebooks
2142,classics
2142,fiction
2142,poetry
2142,fantasy
2142,history
2142,philosophy
2142,romance
2142,religion
2152,mystery
2152,contemporary
2152,fiction
2152,romance
2152,thriller
2152,ebooks
2152,suspense
2152,crime
2156,fiction
2156,science
2156,fantasy
2156,ebooks
2156,classics
2159,romance
2159,contemporary
2159,fiction
2159,mystery
2159,ebooks
2159,paranormal
2159,suspense
2165,fiction
2165,romance
2165,contemporary
2165,ebooks
2175,history
2175,biography
2175,nonfiction
2175,ebooks
2175,business
2183,romance
2183,contemporary
2183,ebooks
2183,fiction
2187,fiction
2187,classics
2187,philosophy
2187,fantasy
2187,ebooks
2187,science
2199,fiction
2199,classics
2199,horror
2199,fantasy
2199,mystery
2199,thriller
2199,suspense
2199,contemporary
2203,thriller
2203,fiction
2203,mystery
2203,suspense
2203,crime
2203,history
2203,classics
2203,ebooks
2255,psychology
2255,memoir
2255,nonfiction
2255,biography
2255,science
2255,contemporary
2255,philosophy
2255,ebooks
2265,fiction
2265,paranormal
2265,horror
2265,romance
2265,thriller
2265,fantasy
2265,mystery
2265,ebooks
2265,suspense
2279,travel
2279,nonfiction
2279,memoir
2279,biography
2279,history
2279,ebooks
2279,fiction
2279,contemporary
2368,fiction
2368,romance
2368,contemporary
2368,ebooks
2368,history
2371,nonfiction
2371,fiction
2371,memoir
2371,biography
2371,romance
2371,contemporary
2372,romance
2372,mystery
2372,fiction
2372,suspense
2372,contemporary
2372,thriller
2372,crime
2372,ebooks
2373,mystery
2373,thriller
2373,crime
2373,fiction
2373,suspense
2373,contemporary
2373,ebooks
2373,romance
2373,horror
2442,business
2442,biography
2442,nonfiction
2442,memoir
2442,ebooks
2493,fantasy
2493,fiction
2493,ebooks
2493,science
2493,romance
2493,paranormal
2517,fiction
2517,thriller
2517,mystery
2517,classics
2517,crime
2517,suspense
2517,ebooks
2517,contemporary
2517,history
2526,comics
2526,fiction
2526,fantasy
2526,art
2528,romance
2528,fantasy
2528,paranormal
2528,fiction
2528,contemporary
2528,mystery
2528,ebooks
2528,suspense
2530,mystery
2530,fiction
2530,crime
2530,suspense
2530,thriller
2530,contemporary
2530,ebooks
2547,mystery
2547,fiction
2547,thriller
2547,crime
2547,suspense
2547,ebooks
2612,fiction
2612,classics
2612,romance
2612,contemporary
2612,history
2615,nonfiction
2615,cookbooks
2615,memoir
2615,fiction
2615,biography
2615,contemporary
2615,art
2615,ebooks
2623,fantasy
2623,fiction
2623,romance
2623,paranormal
2623,ebooks
2657,horror
2657,fiction
2657,thriller
2657,mystery
2657,suspense
2657,ebooks
2657,psychology
2657,fantasy
2657,contemporary
2657,crime
2657,paranormal
2666,fiction
2666,thriller
2666,suspense
2666,mystery
2666,contemporary
2666,ebooks
2666,crime
2677,fantasy
2677,fiction
2677,ebooks
2677,science
2696,fantasy
2696,poetry
2696,ebooks
2715,fantasy
2715,paranormal
2715,romance
2715,ebooks
2715,contemporary
2744,cookbooks
2744,nonfiction
2744,ebooks
2748,romance
2748,contemporary
2748,ebooks
2748,fiction
2748,suspense
2767,comics
2767,fantasy
2767,fiction
2767,romance
2767,ebooks
2784,history
2784,memoir
2784,biography
2784,nonfiction
2784,ebooks
2784,business
2794,christian
2794,philosophy
2794,classics
2794,nonfiction
2794,spirituality
2794,psychology
2839,fiction
2839,romance
2839,history
2839,ebooks
2839,mystery
2865,fiction
2865,art
2865,horror
2865,poetry
2865,comics
2865,classics
2865,fantasy
2872,fiction
2872,contemporary
2872,romance
2872,ebooks
2872,history
2873,fiction
2873,classics
2873,fantasy
2873,science
2873,thriller
2873,ebooks
2873,horror
2879,fiction
2879,classics
2879,fantasy
2880,fiction
2880,fantasy
2880,romance
2880,ebooks
2880,paranormal
2880,suspense
2915,horror
2915,fiction
2915,thriller
2915,mystery
2915,suspense
2915,fantasy
2915,ebooks
2915,paranormal
2915,contemporary
2932,fantasy
2932,paranormal
2932,mystery
2932,fiction
2932,horror
2932,romance
2932,thriller
2932,suspense
2932,ebooks
2932,crime
2932,history
2956,paranormal
2956,fantasy
2956,romance
2956,fiction
2956,nonfiction
2956,ebooks
2978,fantasy
2978,fiction
2978,ebooks
2978,paranormal
2998,fantasy
2998,paranormal
2998,romance
2998,fiction
2998,mystery
2998,ebooks
3008,romance
3008,contemporary
3008,fiction
3008,ebooks
3028,fiction
3028,history
3028,travel
3028,ebooks
3028,religion
3028,contemporary
3049,philosophy
3049,spirituality
3049,fiction
3049,religion
3049,psychology
3049,nonfiction
3049,fantasy
3049,classics
3049,biography
3049,science
3049,memoir
3049,ebooks
3049,history
3049,travel
3061,religion
3061,philosophy
3061,christian
3061,nonfiction
3061,classics
3061,spirituality
3061,psychology
3087,fantasy
3087,fiction
3087,paranormal
3087,romance
3087,ebooks
3087,mystery
3087,thriller
3102,fiction
3102,mystery
3102,suspense
3102,contemporary
3102,thriller
3102,crime
3102,ebooks
3103,fantasy
3103,fiction
3103,horror
3103,poetry
3103,paranormal
3103,mystery
3103,ebooks
3103,contemporary
3103,thriller
3109,fiction
3109,history
3109,classics
3109,ebooks
3110,manga
3110,comics
3110,fantasy
3110,fiction
3110,classics
3273,fiction
3273,sports
3273,mystery
3273,thriller
3273,ebooks
3273,contemporary
3273,suspense
3273,crime
3291,fantasy
3291,fiction
3291,ebooks
3291,science
3300,fiction
3300,sports
3300,contemporary
3300,ebooks
3300,thriller
3300,suspense
3300,crime
3304,fiction
3304,classics
3368,horror
3368,comics
3368,fantasy
3368,fiction
3368,paranormal
3368,art
3368,mystery
3368,thriller
3368,suspense
3378,fantasy
3378,paranormal
3378,romance
3378,fiction
3378,mystery
3378,contemporary
3378,ebooks
3378,suspense
3379,classics
3379,fiction
3379,ebooks
3379,history
3379,romance
3381,poetry
3381,classics
3381,fiction
3381,contemporary
3381,nonfiction
3381,psychology
3384,romance
3384,contemporary
3384,fiction
3384,ebooks
3388,classics
3388,fiction
3412,fiction
3412,contemporary
3412,romance
3412,thriller
3412,psychology
3412,crime
3412,classics
3412,suspense
3412,ebooks
3412,science
3431,mystery
3431,crime
3431,thriller
3431,fiction
3431,suspense
3431,ebooks
3431,contemporary
3446,fiction
3446,contemporary
3446,ebooks
3447,poetry
3447,romance
3447,ebooks
3447,contemporary
3447,fiction
3447,nonfiction
3462,fantasy
3462,fiction
3462,mystery
3462,crime
3462,ebooks
3463,fantasy
3463,paranormal
3463,romance
3463,fiction
3463,mystery
3463,ebooks
3464,philosophy
3464,psychology
3464,nonfiction
3464,classics
3464,fiction
3464,spirituality
3464,religion
3464,science
3464,biography
3464,memoir
3464,art
3465,fiction
3465,classics
3465,romance
3465,contemporary
3465,history
3465,mystery
3465,ebooks
3467,mystery
3467,fiction
3467,crime
3467,thriller
3467,suspense
3467,ebooks
3467,contemporary
3473,paranormal
3473,fantasy
3473,romance
3473,fiction
3473,mystery
3473,horror
3476,fiction
3476,sports
3476,memoir
3476,biography
3476,nonfiction
3476,contemporary
3476,ebooks
3476,romance
3476,history
3478,fiction
3478,paranormal
3478,fantasy
3478,ebooks
3478,contemporary
3478,mystery
3483,fantasy
3483,fiction
3483,ebooks
3483,paranormal
3483,horror
3507,mystery
3507,fiction
3507,crime
3507,thriller
3507,suspense
3507,ebooks
3507,contemporary
3559,mystery
3559,crime
3559,contemporary
3559,fiction
3559,thriller
3559,suspense
3559,ebooks
3559,romance
3562,fantasy
3562,fiction
3562,ebooks
3562,classics
3579,memoir
3579,nonfiction
3579,biography
3579,fiction
3579,contemporary
3579,ebooks
3581,fiction
3581,classics
3581,contemporary
3581,history
3581,science
3581,fantasy
3581,ebooks
3581,philosophy
3586,nonfiction
3586,history
3586,business
3586,philosophy
3586,science
3586,psychology
3590,fiction
3590,classics
3590,history
3590,contemporary
3636,fantasy
3636,fiction
3636,paranormal
3636,romance
3636,ebooks
3648,fantasy
3648,fiction
3648,romance
3648,paranormal
3656,fiction
3656,contemporary
3656,romance
3656,ebooks
3679,comics
3679,fiction
3679,manga
3679,fantasy
3679,romance
3679,contemporary
3679,music
3679,ebooks
3682,history
3682,nonfiction
3682,biography
3682,travel
3682,ebooks
3682,memoir
3682,fiction
3685,biography
3685,history
3685,nonfiction
3685,memoir
3685,art
3686,fiction
3686,science
3686,history
3686,biography
3686,ebooks
3686,contemporary
3690,fiction
3690,thriller
3690,mystery
3690,crime
3690,suspense
3690,ebooks
3692,fiction
3692,classics
3692,contemporary
3698,fiction
3698,classics
3698,poetry
3698,fantasy
3698,art
3698,nonfiction
3710,romance
3710,fiction
3710,fantasy
3710,ebooks
3710,history
3711,fiction
3711,fantasy
3711,ebooks
3711,thriller
3711,romance
3711,science
3717,philosophy
3717,classics
3717,nonfiction
3717,history
3717,science
3717,psychology
3750,thriller
3750,mystery
3750,fiction
3750,horror
3750,suspense
3750,crime
3750,fantasy
3750,ebooks
3750,paranormal
3750,history
3750,contemporary
3757,mystery
3757,thriller
3757,crime
3757,fiction
3757,suspense
3757,ebooks
3757,horror
3757,contemporary
3758,fantasy
3758,fiction
3758,paranormal
3758,ebooks
3758,science
3758,religion
3758,romance
3758,classics
3758,contemporary
3759,paranormal
3759,fantasy
3759,romance
3759,mystery
3759,fiction
3759,horror
3759,contemporary
3760,fiction
3760,thriller
3760,mystery
3760,suspense
3760,crime
3760,romance
3760,contemporary
3760,ebooks
3762,fiction
3762,poetry
3763,classics
3763,fiction
3763,crime
3763,mystery
3763,romance
3763,history
3764,fiction
3764,classics
3764,travel
3805,mystery
3805,fiction
3805,crime
3805,science
3805,thriller
3832,paranormal
3832,fantasy
3832,romance
3832,fiction
3832,horror
3832,mystery
3832,contemporary
3832,ebooks
3832,science
3832,crime
3836,fantasy
3836,fiction
3836,classics
3858,fantasy
3858,fiction
3858,ebooks
3858,science
3867,nonfiction
3867,psychology
3867,science
3867,contemporary
3867,ebooks
3867,history
3867,biography
3867,memoir
3867,fiction
3869,fiction
3869,contemporary
3869,crime
3869,ebooks
3872,poetry
3872,fiction
3872,classics
3872,nonfiction
3872,contemporary
3873,romance
3873,mystery
3873,suspense
3873,contemporary
3873,fiction
3873,thriller
3873,crime
3873,ebooks
3876,mystery
3876,fiction
3876,crime
3876,thriller
3876,suspense
3876,ebooks
3882,business
3882,nonfiction
3882,ebooks
3882,psychology
3885,memoir
3885,nonfiction
3885,biography
3885,history
3885,contemporary
3885,religion
3888,romance
3888,contemporary
3888,fiction
3888,travel
3888,art
3888,ebooks
3895,romance
3895,contemporary
3895,fiction
3895,psychology
3895,ebooks
3972,christian
3972,religion
3972,spirituality
3972,nonfiction
3973,fiction
3973,classics
3973,thriller
3973,horror
3973,suspense
3973,crime
3973,contemporary
3973,mystery
3974,fantasy
3974,fiction
3974,music
3974,science
3974,classics
3974,ebooks
3977,manga
3977,fantasy
3977,comics
3977,horror
3977,paranormal
3977,fiction
3977,mystery
3977,thriller
3980,romance
3980,contemporary
3980,fiction
3980,ebooks
3985,music
3985,memoir
3985,nonfiction
3985,biography
3985,fiction
3985,romance
3985,contemporary
3985,ebooks
4004,history
4004,nonfiction
4004,memoir
4004,biography
4004,classics
4004,fiction
4004,travel
4004,ebooks
4005,fiction
4005,romance
4005,contemporary
4006,fantasy
4006,fiction
4006,ebooks
4008,romance
4008,contemporary
4008,ebooks
4008,fiction
4008,crime
4009,fiction
4009,contemporary
4009,romance
4009,ebooks
4031,fiction
4031,fantasy
4031,contemporary
4031,ebooks
4031,paranormal
4031,horror
4031,mystery
4031,religion
4031,romance
4031,crime
4035,cookbooks
4035,nonfiction
4035,ebooks
4069,fantasy
4069,romance
4069,fiction
4076,paranormal
4076,romance
4076,fantasy
4076,fiction
4076,ebooks
4076,contemporary
4099,music
4099,biography
4099,memoir
4099,nonfiction
4099,ebooks
4099,psychology
4099,fiction
4122,fiction
4122,history
4122,mystery
4122,contemporary
4122,ebooks
4122,suspense
4122,thriller
4135,paranormal
4135,fantasy
4135,romance
4135,mystery
4135,fiction
4135,contemporary
4135,horror
4135,thriller
4135,ebooks
4135,suspense
4136,cookbooks
4136,nonfiction
4136,ebooks
4137,memoir
4137,nonfiction
4137,biography
4137,fiction
4137,psychology
4137,contemporary
4143,romance
4143,contemporary
4143,fiction
4143,sports
4143,ebooks
4214,fiction
4214,history
4214,classics
4214,art
4261,fiction
4261,classics
4261,poetry
4264,fiction
4264,ebooks
4268,fiction
4268,history
4268,thriller
4268,mystery
4268,suspense
4268,ebooks
4268,classics
4268,crime
4268,travel
4271,classics
4271,poetry
4271,fantasy
4271,fiction
4325,horror
4325,fiction
4325,fantasy
4325,paranormal
4325,thriller
4325,ebooks
4325,suspense
4325,manga
4339,fantasy
4339,romance
4339,paranormal
4339,fiction
4339,ebooks
4339,contemporary
4364,business
4364,nonfiction
4364,philosophy
4364,psychology
4364,spirituality
4364,ebooks
4373,romance
4373,sports
4373,contemporary
4373,ebooks
4373,fiction
4381,contemporary
4381,romance
4381,fiction
4381,ebooks
4395,psychology
4395,nonfiction
4395,spirituality
4395,philosophy
4395,fiction
4395,fantasy
4395,history
4395,classics
4395,religion
4406,romance
4406,contemporary
4406,fiction
4406,mystery
4406,ebooks
4406,suspense
4407,poetry
4407,fiction
4407,history
4407,memoir
4407,biography
4473,fiction
4473,contemporary
4473,travel
4477,science
4477,nonfiction
4477,philosophy
4477,religion
4477,history
4477,ebooks
4477,fiction
4477,spirituality
4507,comics
4507,fiction
4507,fantasy
4507,thriller
4507,horror
4507,mystery
4507,ebooks
4516,fiction
4516,fantasy
4516,horror
4516,contemporary
4516,mystery
4516,art
4516,paranormal
4530,fantasy
4530,fiction
4530,science
4530,ebooks
4530,romance
4530,paranormal
4538,fiction
4538,mystery
4538,art
4538,contemporary
4538,romance
4538,psychology
4538,history
4538,ebooks
4538,thriller
4538,fantasy
4538,suspense
4588,fantasy
4588,fiction
4588,ebooks
4588,science
4591,romance
4591,ebooks
4591,fiction
4599,fantasy
4599,romance
4599,fiction
4599,ebooks
4599,paranormal
4599,mystery
4600,fiction
4600,romance
4600,contemporary
4600,mystery
4600,ebooks
4625,mystery
4625,romance
4625,fiction
4625,ebooks
4625,contemporary
4625,paranormal
4625,suspense
4625,crime
4625,fantasy
4625,thriller
4630,mystery
4630,crime
4630,fiction
4630,thriller
4630,suspense
4630,ebooks
4630,contemporary
4631,fiction
4631,romance
4631,contemporary
4631,ebooks
4633,fiction
4633,mystery
4633,crime
4633,thriller
4633,horror
4633,suspense
4633,ebooks
4633,fantasy
4633,contemporary
4645,classics
4645,fiction
4645,romance
4645,history
4645,ebooks
4652,romance
4652,contemporary
4652,music
4652,ebooks
4652,fiction
4656,fantasy
4656,paranormal
4656,romance
4656,fiction
4656,horror
4656,mystery
4656,contemporary
4656,ebooks
4657,fiction
4657,thriller
4657,classics
4657,mystery
4657,crime
4657,suspense
4657,psychology
4657,history
4657,horror
4659,fantasy
4659,romance
4659,fiction
4659,paranormal
4659,ebooks
4659,thriller
4659,mystery
4660,memoir
4660,nonfiction
4660,biography
4660,spirituality
4660,religion
4660,christian
4660,fiction
4662,romance
4662,contemporary
4662,ebooks
4662,fiction
4671,fiction
4671,contemporary
4671,memoir
4687,fantasy
4687,fiction
4687,paranormal
4687,mystery
4692,fiction
4692,music
4692,history
4692,contemporary
4692,ebooks
4701,horror
4701,fiction
4701,thriller
4701,mystery
4701,fantasy
4701,paranormal
4701,suspense
4701,ebooks
4701,classics
4708,fantasy
4708,fiction
4708,ebooks
4796,spirituality
4796,philosophy
4796,religion
4796,nonfiction
4796,psychology
4796,classics
4796,art
4796,biography
4796,poetry
4796,memoir
4799,fantasy
4799,fiction
4799,ebooks
4799,romance
4806,fantasy
4806,fiction
4806,ebooks
4806,science
4813,mystery
4813,fiction
4813,thriller
4813,crime
4813,suspense
4813,romance
4813,ebooks
4820,fiction
4820,romance
4820,horror
4820,ebooks
4830,fantasy
4830,paranormal
4830,romance
4830,fiction
4830,ebooks
4830,mystery
4830,contemporary
4835,fiction
4835,romance
4835,biography
4835,philosophy
4835,memoir
4865,fiction
4865,classics
4865,religion
4865,philosophy
4865,history
4866,classics
4866,fiction
4866,romance
4866,philosophy
4866,ebooks
4887,nonfiction
4887,history
4887,biography
4887,ebooks
4887,contemporary
4894,spirituality
4894,psychology
4894,nonfiction
4894,philosophy
4894,art
4894,religion
4898,fiction
4898,romance
4898,classics
4898,history
4898,biography
4898,ebooks
4909,mystery
4909,fiction
4909,crime
4909,suspense
4909,thriller
4909,ebooks
4909,contemporary
4912,mystery
4912,thriller
4912,fiction
4912,suspense
4912,crime
4912,ebooks
4912,contemporary
4921,fantasy
4921,paranormal
4921,romance
4921,fiction
4921,mystery
4921,ebooks
4929,paranormal
4929,fantasy
4929,romance
4929,ebooks
4929,fiction
4929,contemporary
4934,fiction
4934,contemporary
4948,fiction
4948,thriller
4948,suspense
4948,mystery
4948,crime
4948,ebooks
4950,mystery
4950,fiction
4950,romance
4950,contemporary
4950,history
4950,crime
4950,ebooks
4950,thriller
4952,fantasy
4952,fiction
4952,mystery
4952,romance
4953,business
4953,nonfiction
4953,biography
4953,psychology
4954,paranormal
4954,fantasy
4954,romance
4954,ebooks
4954,fiction
4955,fantasy
4955,fiction
4955,ebooks
4955,science
4965,fiction
4965,classics
4965,contemporary
4965,romance
4965,crime
4978,fiction
4978,fantasy
4978,science
4978,classics
4978,contemporary
4979,fiction
4979,fantasy
4979,ebooks
4979,contemporary
4979,paranormal
4979,horror
4979,romance
4979,science
4980,fiction
4980,romance
4980,ebooks
4980,contemporary
4981,religion
4981,christian
4981,spirituality
4981,philosophy
4981,classics
4981,nonfiction
4981,biography
4981,ebooks
4981,memoir
4981,history
4982,fiction
4983,classics
4983,fiction
4983,religion
4983,romance
4984,fiction
4984,comics
4984,contemporary
4984,travel
4985,fantasy
4985,fiction
4985,romance
4985,ebooks
4986,mystery
4986,fiction
4986,thriller
4986,suspense
4986,crime
4986,ebooks
4986,romance
4987,fantasy
4987,fiction
4987,comics
4987,art
4987,classics
4987,ebooks
4987,horror
4989,fiction
4989,romance
4989,ebooks
4989,horror
5015,fantasy
5015,fiction
5015,ebooks
5015,romance
5015,science
5038,romance
5038,contemporary
5038,fiction
5038,music
5038,mystery
5038,art
5038,comics
5043,crime
5043,mystery
5043,fiction
5043,thriller
5043,suspense
5043,ebooks
5043,contemporary
5052,fiction
5052,history
5052,classics
5052,thriller
5052,ebooks
5052,nonfiction
5052,mystery
5053,biography
5053,art
5053,memoir
5053,nonfiction
5053,comics
5053,history
5055,fiction
5055,fantasy
5055,science
5055,classics
5055,ebooks
5055,religion
5055,horror
5062,romance
5062,suspense
5062,contemporary
5062,mystery
5062,fiction
5062,thriller
5062,crime
5062,ebooks
5064,romance
5064,contemporary
5064,fiction
5064,ebooks
5068,nonfiction
5068,science
5068,philosophy
5068,classics
5068,memoir
5068,history
5068,biography
5068,travel
5068,fiction
5068,spirituality
5084,fiction
5084,classics
5084,travel
5084,contemporary
5084,romance
5091,fiction
5091,mystery
5091,contemporary
5091,crime
5091,thriller
5091,suspense
5091,ebooks
5093,fiction
5093,history
5093,fantasy
5093,ebooks
5094,cookbooks
5094,nonfiction
5094,ebooks
5096,romance
5096,music
5096,contemporary
5096,ebooks
5096,fiction
5107,fantasy
5107,fiction
5113,comics
5113,horror
5113,fantasy
5113,fiction
5113,paranormal
5113,mystery
5113,thriller
5113,ebooks
5113,suspense
5114,fiction
5114,classics
5114,contemporary
5128,fiction
5128,horror
5128,thriller
5128,contemporary
5128,mystery
5128,ebooks
5128,fantasy
5128,suspense
5128,memoir
5129,mystery
5129,thriller
5129,suspense
5129,fiction
5129,crime
5129,contemporary
5129,romance
5129,ebooks
5130,fiction
5130,romance
5130,religion
5130,spirituality
5130,contemporary
5139,mystery
5139,paranormal
5139,fiction
5139,fantasy
5139,romance
5139,contemporary
5139,crime
5139,suspense
5139,ebooks
5148,romance
5148,fantasy
5148,paranormal
5148,fiction
5148,ebooks
5157,fiction
5157,contemporary
5157,romance
5158,romance
5158,fiction
5158,fantasy
5158,paranormal
5158,contemporary
5158,ebooks
5158,mystery
5159,fantasy
5159,horror
5159,paranormal
5159,fiction
5159,thriller
5159,ebooks
5159,mystery
5159,contemporary
5159,suspense
5159,manga
5160,fantasy
5160,fiction
5160,ebooks
5160,romance
5161,fiction
5161,contemporary
5161,ebooks
5161,mystery
5166,mystery
5166,fiction
5166,crime
5166,thriller
5166,suspense
5166,ebooks
5167,mystery
5167,fiction
5167,crime
5167,thriller
5167,suspense
5167,ebooks
5167,contemporary
5167,horror
5168,fantasy
5168,fiction
5168,ebooks
5168,science
5171,mystery
5171,romance
5171,crime
5171,fiction
5171,suspense
5171,thriller
5171,fantasy
5171,ebooks
5174,romance
5174,mystery
5174,fiction
5174,suspense
5174,contemporary
5174,thriller
5174,crime
5174,art
5174,ebooks
5175,paranormal
5175,fantasy
5175,fiction
5175,horror
5175,romance
5175,ebooks
5175,contemporary
5176,mystery
5176,crime
5176,fiction
5176,suspense
5176,thriller
5176,ebooks
5176,contemporary
5179,fantasy
5179,fiction
5179,history
5179,ebooks
5180,biography
5180,history
5180,nonfiction
5180,memoir
5181,comics
5181,fiction
5181,fantasy
5181,ebooks
5181,thriller
5181,horror
5182,fiction
5182,history
5182,travel
5182,ebooks
5182,fantasy
5182,nonfiction
5186,fantasy
5186,fiction
5186,ebooks
5186,contemporary
5187,fiction
5187,contemporary
5187,ebooks
5190,paranormal
5190,romance
5190,fantasy
5190,ebooks
5190,fiction
5190,music
5190,contemporary
5191,fiction
5191,mystery
5191,memoir
5191,travel
5196,mystery
5196,thriller
5196,fiction
5196,suspense
5196,crime
5196,contemporary
5196,horror
5197,romance
5197,contemporary
5197,ebooks
5197,fiction
5197,mystery
5197,suspense
5203,fantasy
5203,fiction
5203,ebooks
5204,horror
5204,comics
5204,fiction
5204,fantasy
5204,paranormal
5204,thriller
5204,ebooks
5204,suspense
5204,manga
5205,fantasy
5205,comics
5205,fiction
5205,manga
5205,mystery
5211,fiction
5211,contemporary
5211,spirituality
5211,romance
5211,philosophy
5211,classics
5246,romance
5246,contemporary
5246,crime
5246,ebooks
5246,suspense
5246,fiction
5246,mystery
5289,crime
5289,mystery
5289,fiction
5289,suspense
5289,ebooks
5296,thriller
5296,fiction
5296,mystery
5296,romance
5296,suspense
5296,contemporary
5296,crime
5296,ebooks
5297,fiction
5297,history
5297,romance
5297,biography
5297,contemporary
5297,ebooks
5306,fiction
5306,fantasy
5306,history
5306,science
5306,ebooks
5306,philosophy
5308,fiction
5308,fantasy
5308,romance
5308,ebooks
5308,suspense
5308,thriller
5308,mystery
5326,fiction
5326,philosophy
5326,fantasy
5326,religion
5326,science
5326,classics
5326,ebooks
5326,psychology
5326,biography
5326,spirituality
5338,fiction
5338,romance
5338,fantasy
5338,ebooks
5338,science
5338,contemporary
5344,fantasy
5344,comics
5344,fiction
5344,ebooks
5344,crime
5344,mystery
5344,romance
5344,paranormal
5344,suspense
5344,horror
5345,fantasy
5345,paranormal
5345,mystery
5345,fiction
5345,romance
5345,crime
5345,contemporary
5345,ebooks
5345,thriller
5346,fiction
5346,classics
5346,contemporary
5346,poetry
5347,fantasy
5347,fiction
5347,mystery
5347,crime
5347,contemporary
5347,ebooks
5348,romance
5348,fiction
5348,history
5348,ebooks
5348,classics
5348,science
5349,memoir
5349,nonfiction
5349,biography
5349,psychology
5349,fiction
5349,contemporary
5350,mystery
5350,contemporary
5350,thriller
5350,fiction
5350,romance
5350,suspense
5350,ebooks
5350,crime
5351,classics
5351,fantasy
5351,fiction
5351,romance
5352,fantasy
5352,fiction
5352,ebooks
5352,paranormal
5354,mystery
5354,fiction
5354,classics
5354,crime
5354,thriller
5354,suspense
5354,ebooks
5355,fiction
5355,romance
5355,contemporary
5355,ebooks
5356,fiction
5356,fantasy
5356,science
5356,ebooks
5357,fantasy
5357,fiction
5357,ebooks
5357,suspense
5357,science
5359,mystery
5359,thriller
5359,crime
5359,fiction
5359,suspense
5359,ebooks
5359,contemporary
5359,romance
5359,horror
5360,fantasy
5360,romance
5360,fiction
5360,paranormal
5360,ebooks
5364,biography
5364,memoir
5364,nonfiction
5364,history
5364,fiction
5364,contemporary
5364,art
5364,travel
5367,fiction
5367,science
5367,fantasy
5367,ebooks
5367,mystery
5367,travel
5368,fiction
5368,romance
5368,history
5368,ebooks
5413,art
5413,philosophy
5413,spirituality
5413,nonfiction
5413,psychology
5413,religion
5417,mystery
5417,fiction
5417,crime
5417,suspense
5417,thriller
5417,ebooks
5417,contemporary
5439,biography
5439,fiction
5439,nonfiction
5439,fantasy
5439,ebooks
5439,history
5439,classics
5439,science
5452,fiction
5452,contemporary
5453,nonfiction
5453,cookbooks
5453,science
5453,ebooks
5454,nonfiction
5454,memoir
5454,biography
5454,fiction
5454,philosophy
5454,science
5454,contemporary
5470,fiction
5470,science
5470,classics
5470,ebooks
5470,fantasy
5470,mystery
5472,fiction
5472,christian
5472,contemporary
5472,romance
5472,spirituality
5472,religion
5472,travel
5479,romance
5479,fiction
5479,fantasy
5479,paranormal
5479,contemporary
5479,mystery
5479,ebooks
5479,history
5481,thriller
5481,fiction
5481,mystery
5481,suspense
5481,crime
5481,ebooks
5481,art
5481,contemporary
5508,classics
5508,mystery
5508,fiction
5508,crime
5508,thriller
5508,suspense
5508,ebooks
5509,mystery
5509,crime
5509,fiction
5509,classics
5509,romance
5509,ebooks
5509,thriller
5509,history
5517,romance
5517,fiction
5517,contemporary
5517,ebooks
5517,travel
5526,fiction
5526,mystery
5526,contemporary
5526,crime
5527,classics
5527,memoir
5527,biography
5527,nonfiction
5527,fiction
5527,travel
5527,history
5527,romance
5527,ebooks
5544,romance
5544,fiction
5544,fantasy
5544,ebooks
5544,thriller
5548,mystery
5548,thriller
5548,crime
5548,fiction
5548,suspense
5548,romance
5548,contemporary
5548,ebooks
5548,horror
5552,fiction
5552,contemporary
5552,music
5552,romance
5553,fiction
5553,contemporary
5553,romance
5553,ebooks
5559,fantasy
5559,paranormal
5559,romance
5559,fiction
5559,mystery
5559,ebooks
5559,horror
5571,christian
5571,religion
5571,nonfiction
5571,spirituality
5571,classics
5575,fiction
5575,fantasy
5575,ebooks
5575,science
5575,contemporary
5659,paranormal
5659,romance
5659,fantasy
5659,fiction
5659,ebooks
5659,contemporary
5693,nonfiction
5693,fiction
5693,ebooks
5693,contemporary
5695,fantasy
5695,fiction
5695,ebooks
5695,classics
5695,science
5720,romance
5720,contemporary
5720,music
5720,fiction
5720,ebooks
5752,fantasy
5752,fiction
5752,horror
5752,religion
5752,comics
5752,thriller
5752,crime
5752,paranormal
5755,fantasy
5755,paranormal
5755,romance
5755,fiction
5755,contemporary
5755,ebooks
5755,horror
5759,fantasy
5759,paranormal
5759,romance
5759,fiction
5759,ebooks
5759,horror
5759,mystery
5787,memoir
5787,comics
5787,nonfiction
5787,biography
5787,psychology
5787,fiction
5787,contemporary
5787,art
5797,mystery
5797,fiction
5797,suspense
5797,thriller
5797,crime
5797,romance
5797,contemporary
5797,ebooks
5797,horror
5805,fantasy
5805,fiction
5805,ebooks
5809,biography
5809,history
5809,nonfiction
5809,philosophy
5809,travel
5809,ebooks
5809,memoir
5826,mystery
5826,fiction
5826,crime
5826,contemporary
5826,ebooks
5845,nonfiction
5845,psychology
5845,christian
5845,romance
5845,philosophy
5849,comics
5849,fiction
5849,fantasy
5849,romance
5849,philosophy
5849,contemporary
5849,art
5872,classics
5872,fiction
5872,romance
5872,ebooks
5890,fantasy
5890,fiction
5890,ebooks
5890,science
5890,mystery
5907,classics
5907,fiction
5907,ebooks
5907,romance
5907,mystery
5932,fiction
5932,contemporary
5932,romance
5932,ebooks
5936,horror
5936,fiction
5936,thriller
5936,mystery
5936,suspense
5936,crime
5936,fantasy
5936,paranormal
5936,ebooks
5942,fiction
5942,contemporary
5946,fantasy
5946,fiction
5946,paranormal
5946,ebooks
5946,mystery
5954,horror
5954,fiction
5954,thriller
5954,mystery
5954,paranormal
5954,suspense
5954,fantasy
5954,ebooks
5954,contemporary
5954,religion
5954,psychology
5954,crime
6138,mystery
6138,fiction
6138,classics
6138,crime
6138,ebooks
6138,suspense
6149,psychology
6149,nonfiction
6149,science
6149,business
6149,philosophy
6149,contemporary
6150,fiction
6150,thriller
6150,mystery
6150,fantasy
6150,ebooks
6150,science
6159,mystery
6159,fiction
6159,thriller
6159,crime
6159,suspense
6159,contemporary
6159,ebooks
6174,mystery
6174,fiction
6174,thriller
6174,crime
6174,suspense
6174,sports
6174,ebooks
6174,contemporary
6185,mystery
6185,fiction
6185,thriller
6185,crime
6185,suspense
6185,ebooks
6192,thriller
6192,fiction
6192,mystery
6192,suspense
6192,history
6192,ebooks
6192,crime
6192,contemporary
6193,paranormal
6193,romance
6193,fantasy
6193,fiction
6193,ebooks
6193,contemporary
6193,suspense
6194,fiction
6194,contemporary
6194,ebooks
6259,fiction
6259,crime
6259,thriller
6259,mystery
6259,classics
6259,contemporary
6259,ebooks
6259,suspense
6288,fiction
6288,contemporary
6288,ebooks
6288,romance
6288,travel
6294,mystery
6294,fiction
6294,thriller
6294,crime
6294,suspense
6294,ebooks
6295,mystery
6295,fiction
6295,crime
6295,thriller
6295,contemporary
6295,suspense
6295,ebooks
6310,fiction
6310,contemporary
6310,ebooks
6319,horror
6319,fiction
6319,thriller
6319,suspense
6319,mystery
6319,ebooks
6319,contemporary
6319,science
6319,fantasy
6319,paranormal
6319,crime
6327,history
6327,nonfiction
6327,biography
6327,fiction
6327,contemporary
6328,fiction
6328,romance
6328,mystery
6328,contemporary
6328,ebooks
6328,history
6334,fiction
6334,classics
6334,poetry
6334,fantasy
6419,fantasy
6419,fiction
6419,romance
6419,crime
6419,mystery
6419,contemporary
6419,ebooks
6419,paranormal
6420,christian
6420,fiction
6420,religion
6420,fantasy
6420,thriller
6420,suspense
6420,mystery
6420,romance
6422,mystery
6422,fiction
6422,crime
6422,thriller
6422,suspense
6422,ebooks
6423,fantasy
6423,romance
6423,fiction
6423,ebooks
6424,romance
6424,contemporary
6424,ebooks
6424,music
6425,fiction
6425,fantasy
6425,history
6425,romance
6425,ebooks
6426,psychology
6426,spirituality
6426,nonfiction
6426,philosophy
6426,religion
6427,fiction
6427,classics
6427,fantasy
6427,history
6440,fiction
6440,fantasy
6440,science
6440,ebooks
6440,classics
6462,fantasy
6462,paranormal
6462,romance
6462,ebooks
6462,fiction
6514,fiction
6514,fantasy
6514,classics
6520,mystery
6520,fiction
6520,crime
6520,thriller
6520,suspense
6520,ebooks
6526,fiction
6526,fantasy
6526,science
6526,classics
6528,fiction
6528,romance
6528,ebooks
6528,mystery
6528,christian
6530,classics
6530,fiction
6530,poetry
6530,history
6530,horror
6530,ebooks
6531,fantasy
6531,paranormal
6531,romance
6531,fiction
6531,ebooks
6531,mystery
6534,mystery
6534,paranormal
6534,fantasy
6534,fiction
6534,romance
6534,crime
6534,suspense
6534,thriller
6534,horror
6534,contemporary
6534,ebooks
6537,fantasy
6537,fiction
6537,ebooks
6537,mystery
6538,fantasy
6538,romance
6538,fiction
6538,ebooks
6538,paranormal
6538,mystery
6539,horror
6539,mystery
6539,fantasy
6539,fiction
6539,paranormal
6539,ebooks
6539,thriller
6539,suspense
6539,contemporary
6539,science
6541,fantasy
6541,horror
6541,fiction
6541,paranormal
6541,ebooks
6541,mystery
6541,thriller
6551,fantasy
6551,fiction
6551,ebooks
6551,paranormal
6551,science
6551,romance
6551,contemporary
6554,fantasy
6554,fiction
6554,ebooks
6572,art
6572,philosophy
6572,history
6572,nonfiction
6572,fiction
6572,classics
6572,psychology
6588,memoir
6588,fiction
6588,nonfiction
6588,biography
6588,history
6588,classics
6588,ebooks
6588,contemporary
6596,fantasy
6596,paranormal
6596,romance
6596,fiction
6596,mystery
6596,ebooks
6596,suspense
6596,contemporary
6596,horror
6613,christian
6613,biography
6613,nonfiction
6613,memoir
6613,religion
6613,history
6613,spirituality
6614,fantasy
6614,fiction
6614,ebooks
6614,paranormal
6614,mystery
6628,fantasy
6628,romance
6628,fiction
6656,fiction
6656,classics
6656,fantasy
6667,paranormal
6667,romance
6667,fantasy
6667,fiction
6667,contemporary
6667,ebooks
6667,suspense
6667,mystery
6671,mystery
6671,fiction
6671,thriller
6671,fantasy
6671,suspense
6671,romance
6671,horror
6671,ebooks
6671,paranormal
6671,contemporary
6678,fantasy
6678,fiction
6678,romance
6678,ebooks
6687,biography
6687,memoir
6687,nonfiction
6687,history
6687,philosophy
6687,religion
6687,science
6687,ebooks
6687,contemporary
6687,fiction
6687,classics
6689,paranormal
6689,romance
6689,fantasy
6689,fiction
6689,contemporary
6689,ebooks
6689,suspense
6690,thriller
6690,fiction
6690,mystery
6690,suspense
6690,ebooks
6690,art
6690,history
6690,crime
6690,contemporary
6693,crime
6693,nonfiction
6693,history
6693,mystery
6693,horror
6693,thriller
6693,biography
6693,suspense
6693,fiction
6693,psychology
6693,memoir
6694,mystery
6694,fiction
6694,thriller
6694,crime
6694,suspense
6694,contemporary
6697,fiction
6697,poetry
6697,music
6697,fantasy
6697,classics
6708,fiction
6708,classics
6709,fiction
6709,science
6709,ebooks
6709,fantasy
6748,memoir
6748,nonfiction
6748,travel
6748,biography
6748,ebooks
6749,mystery
6749,fantasy
6749,fiction
6749,ebooks
6749,suspense
6749,contemporary
6750,nonfiction
6750,music
6750,sports
6750,science
6750,history
6750,business
6750,ebooks
6750,contemporary
6750,philosophy
6750,fiction
6750,memoir
6750,psychology
6751,history
6751,classics
6751,nonfiction
6751,philosophy
6751,biography
6751,fiction
6751,science
6753,fantasy
6753,fiction
6753,romance
6753,contemporary
6753,ebooks
6753,paranormal
6753,science
6759,paranormal
6759,fantasy
6759,romance
6759,ebooks
6759,fiction
6759,contemporary
6819,fiction
6819,romance
6819,contemporary
6819,psychology
6819,thriller
6819,ebooks
6820,nonfiction
6820,psychology
6820,philosophy
6820,classics
6820,history
6820,science
6853,mystery
6853,suspense
6853,fiction
6853,crime
6853,thriller
6853,contemporary
6853,travel
6853,ebooks
6854,mystery
6854,thriller
6854,fiction
6854,suspense
6854,crime
6854,horror
6854,ebooks
6854,paranormal
6858,mystery
6858,fiction
6858,crime
6858,suspense
6858,thriller
6858,ebooks
6862,history
6862,nonfiction
6862,memoir
6862,comics
6862,biography
6862,fiction
6867,fiction
6867,classics
6867,contemporary
6867,fantasy
6870,fiction
6870,contemporary
6870,ebooks
6872,crime
6872,thriller
6872,fiction
6872,mystery
6872,suspense
6872,ebooks
6872,contemporary
6882,nonfiction
6882,psychology
6882,science
6882,philosophy
6882,history
6882,business
6882,ebooks
6900,romance
6900,contemporary
6900,mystery
6900,ebooks
6900,fiction
6900,suspense
6900,crime
6900,sports
6952,fiction
6952,romance
6952,fantasy
6952,ebooks
6952,science
6969,paranormal
6969,fantasy
6969,romance
6969,ebooks
6969,fiction
6969,mystery
6969,suspense
6976,comics
6976,fiction
6976,fantasy
7035,fiction
7035,fantasy
7035,mystery
7035,ebooks
7035,thriller
7035,science
7036,paranormal
7036,fantasy
7036,romance
7036,fiction
7036,ebooks
7039,fantasy
7039,classics
7039,fiction
7053,mystery
7053,fiction
7053,thriller
7053,crime
7053,suspense
7053,sports
7053,ebooks
7053,contemporary
7058,romance
7058,fiction
7058,ebooks
7058,fantasy
7061,romance
7061,contemporary
7061,ebooks
7061,fiction
7062,romance
7062,mystery
7062,fiction
7062,fantasy
7062,thriller
7062,ebooks
7062,contemporary
7069,fantasy
7069,fiction
7069,ebooks
7069,romance
7073,romance
7073,contemporary
7073,ebooks
7073,fiction
7073,music
7081,fantasy
7081,fiction
7081,classics
7082,fantasy
7082,horror
7082,fiction
7082,paranormal
7082,ebooks
7082,thriller
7082,history
7082,mystery
7082,romance
7126,mystery
7126,suspense
7126,fiction
7126,thriller
7126,crime
7126,romance
7126,contemporary
7126,ebooks
7144,fiction
7144,contemporary
7144,comics
7144,ebooks
7144,art
7184,mystery
7184,fiction
7184,thriller
7184,suspense
7184,crime
7184,romance
7186,nonfiction
7186,biography
7186,ebooks
7186,fiction
7186,philosophy
7186,memoir
7194,romance
7194,contemporary
7194,suspense
7194,fiction
7194,ebooks
7194,mystery
7199,memoir
7199,nonfiction
7199,biography
7199,travel
7199,history
7199,contemporary
7199,ebooks
7201,fiction
7201,romance
7201,contemporary
7201,ebooks
7201,mystery
7214,fiction
7214,horror
7214,fantasy
7214,paranormal
7214,music
7214,romance
7214,thriller
7214,ebooks
7214,mystery
7214,contemporary
7244,fantasy
7244,fiction
7244,ebooks
7244,romance
7252,romance
7252,contemporary
7252,fiction
7252,suspense
7252,ebooks
7252,mystery
7329,fiction
7329,contemporary
7329,ebooks
7332,religion
7332,spirituality
7332,nonfiction
7332,philosophy
7354,horror
7354,suspense
7354,mystery
7354,fiction
7354,thriller
7354,romance
7354,ebooks
7354,fantasy
7354,paranormal
7354,religion
7354,crime
7432,fiction
7432,contemporary
7432,ebooks
7433,contemporary
7433,fiction
7433,romance
7433,ebooks
7437,contemporary
7437,romance
7437,ebooks
7437,fiction
7442,romance
7442,fiction
7442,ebooks
7442,mystery
7445,romance
7445,contemporary
7445,fiction
7445,ebooks
7455,fiction
7455,history
7455,ebooks
7455,travel
7493,fantasy
7493,fiction
7493,ebooks
7494,thriller
7494,horror
7494,mystery
7494,fiction
7494,suspense
7494,crime
7494,contemporary
7494,ebooks
7520,fiction
7520,mystery
7520,contemporary
7520,suspense
7520,crime
7520,thriller
7520,romance
7520,ebooks
7531,manga
7531,romance
7531,comics
7531,fiction
7531,contemporary
7531,mystery
7572,fiction
7572,contemporary
7572,fantasy
7572,mystery
7572,religion
7572,ebooks
7572,romance
7579,classics
7579,fiction
7579,contemporary
7579,religion
7588,fiction
7588,history
7588,mystery
7588,contemporary
7603,fiction
7603,science
7603,ebooks
7603,fantasy
7613,fantasy
7613,fiction
7613,suspense
7613,ebooks
7624,romance
7624,fiction
7624,ebooks
7624,contemporary
7628,business
7628,nonfiction
7628,biography
7628,memoir
7628,ebooks
7628,history
7661,classics
7661,fiction
7661,romance
7663,horror
7663,fantasy
7663,thriller
7663,fiction
7663,suspense
7663,mystery
7663,paranormal
7663,crime
7663,ebooks
7667,horror
7667,fiction
7667,fantasy
7667,paranormal
7667,contemporary
7667,romance
7667,mystery
7667,thriller
7667,ebooks
7668,fiction
7668,mystery
7668,crime
7668,thriller
7668,classics
7668,ebooks
7669,philosophy
7669,religion
7669,nonfiction
7669,spirituality
7669,history
7669,psychology
7669,classics
7669,ebooks
7670,fiction
7670,thriller
7670,fantasy
7670,ebooks
7670,science
7670,suspense
7672,fiction
7672,fantasy
7672,romance
7672,ebooks
7672,contemporary
7673,fiction
7673,contemporary
7673,ebooks
7675,thriller
7675,fiction
7675,mystery
7675,suspense
7675,ebooks
7675,history
7675,crime
7675,contemporary
7677,cookbooks
7677,nonfiction
7677,ebooks
7679,romance
7679,contemporary
7679,suspense
7679,mystery
7679,crime
7679,fiction
7679,ebooks
7679,thriller
7682,romance
7682,contemporary
7682,ebooks
7682,fiction
7707,mystery
7707,fiction
7707,crime
7707,thriller
7707,suspense
7707,ebooks
7707,contemporary
7714,fiction
7714,classics
7714,christian
7714,history
7714,religion
7723,philosophy
7723,classics
7723,science
7723,nonfiction
7723,history
7723,fiction
7723,religion
7723,ebooks
7728,fantasy
7728,fiction
7728,classics
7733,mystery
7733,thriller
7733,fiction
7733,suspense
7733,crime
7733,ebooks
7733,horror
7733,contemporary
7745,mystery
7745,contemporary
7745,romance
7745,fiction
7745,crime
7745,ebooks
7745,suspense
7745,thriller
7748,mystery
7748,fiction
7748,crime
7748,classics
7748,ebooks
7748,thriller
7748,suspense
7763,romance
7763,fiction
7763,contemporary
7770,travel
7770,memoir
7770,nonfiction
7770,biography
7770,spirituality
7770,fiction
7770,contemporary
7779,music
7779,memoir
7779,biography
7779,nonfiction
7779,history
7780,paranormal
7780,fantasy
7780,romance
7780,fiction
7780,ebooks
7780,mystery
7780,contemporary
7784,comics
7784,fiction
7784,fantasy
7784,manga
7785,fiction
7785,horror
7785,romance
7785,mystery
7785,thriller
7785,suspense
7785,contemporary
7785,ebooks
7788,fantasy
7788,fiction
7788,romance
7788,ebooks
7797,fantasy
7797,paranormal
7797,romance
7797,fiction
7797,horror
7797,ebooks
7797,mystery
7805,fiction
7805,thriller
7805,ebooks
7805,contemporary
7805,suspense
7815,romance
7815,sports
7815,contemporary
7815,ebooks
7815,fiction
7869,philosophy
7869,nonfiction
7869,history
7869,psychology
7869,classics
7869,contemporary
7869,biography
7869,science
7869,spirituality
7909,classics
7909,fiction
7911,mystery
7911,romance
7911,crime
7911,fiction
7911,suspense
7911,thriller
7911,fantasy
7911,ebooks
7926,paranormal
7926,fantasy
7926,romance
7926,mystery
7926,fiction
7926,ebooks
7926,horror
7926,contemporary
7926,suspense
7967,psychology
7967,nonfiction
7967,business
7967,science
7967,ebooks
7967,crime
7968,romance
7968,fiction
7968,contemporary
7968,ebooks
7968,paranormal
7968,fantasy
7968,suspense
7973,romance
7973,contemporary
7973,ebooks
7973,fiction
7979,music
7979,biography
7979,memoir
7979,nonfiction
7979,art
7979,contemporary
7980,memoir
7980,nonfiction
7980,fiction
7980,biography
7980,psychology
7980,contemporary
7980,ebooks
7981,fantasy
7981,fiction
7981,mystery
7981,ebooks
7981,crime
7983,paranormal
7983,romance
7983,fantasy
7983,fiction
7983,ebooks
7983,mystery
7983,suspense
7983,contemporary
7987,fiction
7987,ebooks
7987,fantasy
7987,science
7993,fantasy
7993,ebooks
7993,fiction
7996,mystery
7996,romance
7996,crime
7996,fiction
7996,suspense
7996,thriller
7996,fantasy
7996,ebooks
7996,paranormal
7998,psychology
7998,nonfiction
7998,philosophy
7998,science
7998,spirituality
7998,classics
7999,romance
7999,contemporary
7999,ebooks
7999,fiction
7999,suspense
8073,fiction
8073,romance
8073,contemporary
8073,travel
8073,ebooks
8087,fantasy
8087,fiction
8087,romance
8087,history
8087,religion
8087,ebooks
8088,fiction
8088,contemporary
8088,mystery
8088,crime
8088,suspense
8088,romance
8088,psychology
8088,ebooks
8088,horror
8089,romance
8089,contemporary
8089,ebooks
8089,fiction
8089,suspense
8127,fiction
8127,contemporary
8127,classics
8127,ebooks
8127,philosophy
8155,fantasy
8155,fiction
8155,ebooks
8172,manga
8172,romance
8172,comics
8172,fiction
8172,contemporary
8172,ebooks
8248,paranormal
8248,fantasy
8248,romance
8248,ebooks
8248,fiction
8248,mystery
8248,contemporary
8252,paranormal
8252,romance
8252,fantasy
8252,contemporary
8252,fiction
8252,ebooks
8253,comics
8253,fiction
8253,classics
8253,mystery
8253,ebooks
8253,history
8253,manga
8282,fiction
8282,contemporary
8282,romance
8282,ebooks
8282,fantasy
8296,spirituality
8296,religion
8296,philosophy
8296,nonfiction
8296,psychology
8337,fiction
8337,classics
8337,contemporary
8337,mystery
8337,fantasy
8337,religion
8492,poetry
8492,fiction
8492,contemporary
8492,nonfiction
8492,classics
8492,ebooks
8515,biography
8515,memoir
8515,nonfiction
8515,ebooks
8515,history
8600,fiction
8600,contemporary
8600,history
8600,ebooks
8646,mystery
8646,romance
8646,fiction
8646,contemporary
8646,ebooks
8646,crime
8646,suspense
8646,thriller
8647,mystery
8647,fiction
8647,crime
8647,classics
8647,thriller
8647,ebooks
8647,suspense
8648,fiction
8648,poetry
8650,comics
8650,fiction
8650,art
8650,fantasy
8650,ebooks
8676,fiction
8676,mystery
8676,crime
8676,contemporary
8676,thriller
8676,suspense
8680,christian
8680,fiction
8680,romance
8680,contemporary
8682,classics
8682,fiction
8682,crime
8682,mystery
8682,romance
8682,horror
8682,thriller
8694,mystery
8694,crime
8694,fiction
8694,suspense
8694,romance
8694,ebooks
8694,fantasy
8694,thriller
8695,fantasy
8695,horror
8695,fiction
8695,paranormal
8695,mystery
8695,ebooks
8696,fiction
8696,classics
8696,contemporary
8696,business
8698,memoir
8698,nonfiction
8698,biography
8698,religion
8698,fiction
8698,contemporary
8698,history
8725,fantasy
8725,fiction
8725,paranormal
8725,ebooks
8725,contemporary
8725,mystery
8732,christian
8732,nonfiction
8732,religion
8732,spirituality
8732,psychology
8745,romance
8745,fiction
8745,contemporary
8765,fiction
8765,romance
8765,contemporary
8765,mystery
8765,ebooks
8765,suspense
8852,fantasy
8852,romance
8852,paranormal
8852,ebooks
8852,fiction
8852,contemporary
8908,classics
8908,fiction
8908,history
8909,paranormal
8909,romance
8909,fantasy
8909,fiction
8909,ebooks
8909,contemporary
8909,mystery
8909,suspense
8914,fiction
8914,contemporary
8914,memoir
8914,ebooks
8921,horror
8921,fiction
8921,thriller
8921,suspense
8921,fantasy
8921,ebooks
8921,contemporary
8921,science
8921,paranormal
8948,comics
8948,fantasy
8948,fiction
8949,classics
8949,fiction
8949,religion
8949,fantasy
8949,philosophy
8949,christian
8949,history
8949,spirituality
8949,ebooks
8951,fantasy
8951,fiction
8951,mystery
8952,romance
8952,contemporary
8952,ebooks
8952,fiction
8953,horror
8953,fiction
8953,fantasy
8953,mystery
8953,thriller
8953,paranormal
8953,ebooks
8957,travel
8957,memoir
8957,nonfiction
8957,cookbooks
8957,biography
8957,ebooks
8957,fiction
8957,contemporary
8960,fiction
8960,contemporary
8960,ebooks
8960,mystery
8962,fantasy
8962,paranormal
8962,fiction
8962,horror
8962,romance
8962,mystery
8962,ebooks
8963,fiction
8963,thriller
8963,mystery
8963,suspense
8963,crime
8963,ebooks
8963,classics
8963,contemporary
8963,history
8964,history
8964,biography
8964,nonfiction
8964,ebooks
8965,classics
8965,fiction
8965,poetry
8966,romance
8966,contemporary
8966,fiction
8966,ebooks
8967,romance
8967,contemporary
8967,ebooks
8967,suspense
8967,fiction
8968,fantasy
8968,paranormal
8968,romance
8968,fiction
8968,contemporary
8968,mystery
8968,ebooks
9010,fiction
9010,thriller
9010,ebooks
9010,contemporary
9010,suspense
9013,paranormal
9013,fantasy
9013,romance
9013,fiction
9013,ebooks
9013,mystery
9013,contemporary
9014,business
9014,nonfiction
9014,psychology
9014,classics
9282,fantasy
9282,fiction
9282,paranormal
9282,ebooks
9282,contemporary
9282,romance
9282,mystery
9282,suspense
9298,horror
9298,fiction
9298,classics
9298,fantasy
9298,mystery
9298,ebooks
9298,thriller
9298,science
9300,fiction
9300,contemporary
9300,romance
9300,art
9300,psychology
9300,music
9301,christian
9301,fiction
9301,romance
9301,contemporary
9301,religion
9301,ebooks
9302,fiction
9302,contemporary
9302,ebooks
9303,philosophy
9303,nonfiction
9303,art
9303,classics
9303,history
9303,psychology
9303,fiction
9328,romance
9328,contemporary
9328,ebooks
9328,fiction
9355,romance
9355,paranormal
9355,fiction
9355,mystery
9355,ebooks
9355,fantasy
9355,history
9370,romance
9370,contemporary
9370,ebooks
9370,fiction
9375,business
9375,psychology
9375,nonfiction
9416,romance
9416,fiction
9416,contemporary
9416,ebooks
9417,fiction
9417,fantasy
9418,nonfiction
9418,art
9418,biography
9418,history
9418,business
9418,psychology
9418,philosophy
9418,memoir
9418,ebooks
9419,christian
9419,religion
9419,biography
9419,nonfiction
9419,memoir
9419,spirituality
9419,fiction
9419,contemporary
9419,philosophy
9420,romance
9420,contemporary
9420,ebooks
9420,fiction
9454,fiction
9454,thriller
9454,mystery
9454,suspense
9454,ebooks
9454,history
9454,romance
9454,science
9454,crime
9475,fiction
9475,thriller
9475,christian
9475,horror
9475,mystery
9475,suspense
9475,crime
9475,fantasy
9475,paranormal
9475,ebooks
9475,religion
9503,religion
9503,history
9503,fantasy
9503,fiction
9503,spirituality
9503,ebooks
9503,biography
9503,christian
9503,paranormal
9503,horror
9517,fiction
9517,horror
9517,thriller
9517,crime
9517,mystery
9517,contemporary
9517,suspense
9517,ebooks
9530,mystery
9530,fiction
9530,crime
9530,contemporary
9530,ebooks
9531,poetry
9531,romance
9531,contemporary
9531,fiction
9531,ebooks
9531,nonfiction
9532,classics
9532,fantasy
9532,ebooks
9532,fiction
9534,christian
9534,spirituality
9534,religion
9534,nonfiction
9534,business
9539,fantasy
9539,fiction
9539,ebooks
9539,romance
9539,suspense
9539,paranormal
9555,philosophy
9555,ebooks
9557,fiction
9557,classics
9557,science
9566,comics
9566,fiction
9566,art
9566,fantasy
9566,classics
9566,philosophy
9567,fantasy
9567,romance
9567,paranormal
9567,fiction
9567,ebooks
9567,mystery
9569,contemporary
9569,fiction
9569,crime
9569,ebooks
9569,romance
9570,poetry
9570,history
9589,fiction
9589,fantasy
9589,science
9590,fiction
9590,contemporary
9590,mystery
9590,crime
9590,thriller
9590,horror
9592,mystery
9592,thriller
9592,suspense
9592,fiction
9592,crime
9592,romance
9592,contemporary
9592,ebooks
9593,paranormal
9593,romance
9593,fantasy
9593,fiction
9593,ebooks
9593,mystery
9594,fiction
9594,mystery
9594,fantasy
9594,horror
9594,thriller
9594,paranormal
9594,suspense
9594,ebooks
9594,contemporary
9594,crime
9595,fiction
9595,fantasy
9595,ebooks
9597,paranormal
9597,fantasy
9597,romance
9597,mystery
9597,fiction
9597,ebooks
9597,crime
9597,contemporary
9598,manga
9598,fantasy
9598,comics
9598,horror
9598,paranormal
9598,fiction
9601,comics
9601,fiction
9601,fantasy
9601,classics
9601,romance
9601,contemporary
9601,ebooks
9646,mystery
9646,fiction
9646,thriller
9646,crime
9646,suspense
9646,ebooks
9646,contemporary
9648,biography
9648,history
9648,memoir
9648,nonfiction
9648,classics
9648,philosophy
9648,fiction
9648,psychology
9648,crime
9650,nonfiction
9650,religion
9650,history
9650,travel
9650,memoir
9650,spirituality
9650,ebooks
9650,biography
9650,fiction
9650,contemporary
9654,fantasy
9654,mystery
9654,fiction
9654,horror
9654,thriller
9654,paranormal
9654,suspense
9654,ebooks
9654,romance
9654,contemporary
9654,history
9712,fantasy
9712,paranormal
9712,romance
9712,fiction
9712,ebooks
9712,mystery
9717,fiction
9717,mystery
9717,thriller
9717,history
9717,crime
9717,contemporary
9717,romance
9717,ebooks
9717,suspense
9742,fiction
9742,contemporary
9742,romance
9762,business
9762,nonfiction
9762,ebooks
9777,fiction
9777,fantasy
9777,ebooks
9777,mystery
9777,thriller
9777,science
9784,poetry
9784,classics
9784,ebooks
9784,fiction
9784,art
9784,romance
9784,nonfiction
9784,biography
9791,fiction
9791,contemporary
9791,ebooks
9791,romance
9799,fantasy
9799,fiction
9799,romance
9799,paranormal
9799,ebooks
9799,history
9799,mystery
9804,mystery
9804,fiction
9804,crime
9804,history
9804,thriller
9804,ebooks
9809,nonfiction
9809,psychology
9809,ebooks
9809,philosophy
9809,spirituality
9809,biography
9820,mystery
9820,fiction
9820,thriller
9820,suspense
9820,crime
9820,ebooks
9820,romance
9822,fiction
9822,classics
9822,science
9827,romance
9827,fiction
9827,contemporary
9827,ebooks
9827,mystery
9827,christian
9833,travel
9833,history
9833,nonfiction
9833,memoir
9833,biography
9833,ebooks
9838,fantasy
9838,nonfiction
9838,fiction
9838,classics
9838,art
9838,christian
9844,ebooks
9844,fantasy
9844,fiction
9844,romance
9864,fiction
9864,history
9864,contemporary
9864,classics
9864,memoir
9864,biography
9865,nonfiction
9865,spirituality
9865,psychology
9865,business
9912,biography
9912,history
9912,nonfiction
9912,fiction
9913,romance
9913,contemporary
9913,ebooks
9913,fiction
9914,mystery
9914,fiction
9914,suspense
9914,thriller
9914,crime
9914,romance
9914,paranormal
9914,ebooks
9914,contemporary
9915,mystery
9915,thriller
9915,fiction
9915,suspense
9915,crime
9915,ebooks
9915,contemporary
9943,mystery
9943,classics
9943,fiction
9943,crime
9943,thriller
9943,suspense
9957,nonfiction
9957,science
9957,psychology
9998,fiction
9998,history
9998,classics
9998,ebooks